<!--
  -/-/-
  Dockerfile Maven Extension
  %%
  Copyright (C) 2015 - 2016 Spotify AB
  %%
  Licensed under the Apache License, Version 2.0 (the "License");
  you may not use this file except in compliance with the License.
  You may obtain a copy of the License at
  
       http://www.apache.org/licenses/LICENSE-2.0
  
  Unless required by applicable law or agreed to in writing, software
  distributed under the License is distributed on an "AS IS" BASIS,
  WITHOUT WARRANTIES OR CONDITIONS OF ANY KIND, either express or implied.
  See the License for the specific language governing permissions and
  limitations under the License.
  -\-\-
  -->
<component-set>
  <components>
    <component>
      <role>org.apache.maven.artifact.handler.ArtifactHandler</role>
      <role-hint>docker-info</role-hint>
      <implementation>org.apache.maven.artifact.handler.DefaultArtifactHandler</implementation>
      <configuration>
        <classifier>docker-info</classifier>
        <extension>jar</extension>
        <type>docker-info</type>
        <packaging>jar</packaging>
        <language>java</language>
        <addedToClasspath>true</addedToClasspath>
        <includesDependencies>false</includesDependencies>
      </configuration>
    </component>
  </components>
</component-set>
